,period,xgap,hubheight,rtr,ground,front,rear
0,5TO5,0.0,1.5,5.0,"[0.26081974 0.25438044 0.28064243 0.30288475 0.34186668 0.37514402
 0.42085225 0.45304236 0.48431414 0.49607947 0.51454298 0.50482805
 0.51270272 0.53601603 0.56606738 0.58747835 0.60627637 0.60768388
 0.64109381 0.65232049 0.65838276 0.6721554  0.6733359  0.69530778
 0.6822804  0.68951161 0.68235244 0.67989648 0.66758023 0.66361367
 0.66389884 0.64409857 0.63063355 0.60183514 0.57254718 0.5548012
 0.54967649 0.50605957 0.48549739 0.46318514 0.44873668 0.43791531
 0.43405098 0.39216416 0.37402781 0.33172678 0.30734497 0.27810691
 0.26816344 0.25797528 0.25625919]","[1.20518214 1.21448728 1.21953848 1.22410186 1.22780996 1.22695112
 1.2228129  1.21763019 1.20788062]","[0.10517483 0.09985882 0.09499907 0.09215837 0.09128719 0.09157962
 0.09382527 0.09721713 0.10153822]"
1,6TO6,0.0,1.5,5.0,"[0.26243104 0.2668241  0.29057491 0.30518125 0.32321286 0.35796755
 0.39991466 0.43815628 0.4785641  0.48560891 0.49825736 0.49957786
 0.51067026 0.52312223 0.55680334 0.5710985  0.62633743 0.64197596
 0.63890655 0.65425603 0.65663744 0.65029034 0.66809173 0.66226765
 0.66543709 0.65698532 0.66007345 0.64577283 0.63514162 0.63069002
 0.62922817 0.63528358 0.63395315 0.62567346 0.58103357 0.55923359
 0.52080609 0.50369694 0.47497057 0.45871648 0.4497101  0.43964964
 0.42626222 0.38947871 0.36586969 0.30743173 0.28385078 0.275601
 0.27783593 0.27033152 0.27166891]","[1.1872566  1.1997157  1.2066851  1.19870383 1.19767893 1.19619134
 1.19351343 1.18670182 1.18620206]","[0.10568047 0.09994994 0.09536697 0.09276719 0.09171357 0.09205114
 0.09371572 0.09743064 0.10162049]"
2,7TO7,0.0,1.5,5.0,"[0.25161816 0.25782055 0.30849813 0.32303445 0.34038564 0.3779354
 0.43246006 0.47812247 0.51486788 0.54047196 0.55815815 0.53374958
 0.5513419  0.57911579 0.6083245  0.61510787 0.62159684 0.64657441
 0.65504561 0.66138151 0.66541383 0.68246383 0.69562508 0.68582665
 0.6893308  0.66921055 0.66028385 0.6636623  0.64277291 0.64288687
 0.63436641 0.61864476 0.60971055 0.58306348 0.53518907 0.50874557
 0.48356387 0.46199773 0.42953076 0.43366752 0.42291515 0.41690219
 0.40597002 0.35214687 0.33174956 0.2846162  0.26530468 0.2537627
 0.24538019 0.24320332 0.25088456]","[1.19017759 1.19935502 1.21110013 1.21700227 1.22362019 1.22495803
 1.22123524 1.21254298 1.2016794 ]","[0.10477258 0.09869169 0.0938141  0.09083452 0.08985556 0.08986434
 0.09197306 0.0955435  0.10012869]"
3,8TO8,0.0,1.5,5.0,"[0.26191086 0.27247465 0.28000566 0.29319022 0.33444039 0.36491261
 0.41124178 0.42173708 0.49064126 0.50874582 0.54006424 0.55509934
 0.55764816 0.56698207 0.58154109 0.59629945 0.60529195 0.61921012
 0.64018264 0.65410431 0.66437825 0.67091042 0.67401228 0.66495149
 0.66576192 0.66727787 0.66044505 0.66286035 0.66575948 0.6615292
 0.65488001 0.63210021 0.6225315  0.59273187 0.56976    0.55675883
 0.51220456 0.49185252 0.45737043 0.44357986 0.40679597 0.38735751
 0.36976853 0.35278255 0.34567101 0.33304829 0.30031964 0.27371501
 0.25833336 0.25256524 0.26538481]","[1.21420846 1.22133707 1.21721588 1.22528932 1.22002879 1.2240534
 1.22610761 1.22341829 1.20874196]","[0.1049175  0.09896671 0.09449443 0.09126155 0.0904488  0.09061168
 0.09283462 0.09648746 0.10127839]"
4,9TO9,0.0,1.5,5.0,"[0.26986606 0.27814851 0.29391922 0.31981571 0.33734743 0.36254635
 0.38264105 0.4186131  0.4380814  0.4386886  0.45734485 0.46537408
 0.48796511 0.52542027 0.54781981 0.57304645 0.57909163 0.61096647
 0.62364965 0.64578994 0.63684397 0.64044051 0.64694618 0.64741718
 0.6396808  0.63490093 0.63630258 0.63043601 0.61144038 0.61643476
 0.60307563 0.59778982 0.57563829 0.55930607 0.53965248 0.53122308
 0.5185948  0.50021079 0.49246303 0.48182737 0.45999968 0.43484297
 0.41671756 0.3835566  0.34875236 0.33328474 0.30699904 0.28323089
 0.28516236 0.27181189 0.27078232]","[1.19031297 1.20301983 1.21964039 1.22856894 1.23300043 1.23454166
 1.23640858 1.24120895 1.240323  ]","[0.10233204 0.09707026 0.09291121 0.09034487 0.08991602 0.09036147
 0.09247543 0.09608796 0.10112025]"
5,5TO9,0.0,1.5,5.0,"[0.2632531  0.26631736 0.29139204 0.30821682 0.33843133 0.36964791
 0.40824035 0.445394   0.47940385 0.49529848 0.5094966  0.51544737
 0.52733195 0.54447517 0.57865668 0.59196711 0.60818871 0.6227637
 0.64197952 0.65385357 0.66428137 0.67508986 0.67722409 0.6740189
 0.67035248 0.66674091 0.66331373 0.65926079 0.64990745 0.64449922
 0.63267681 0.6277592  0.60887323 0.58941526 0.55897192 0.530516
 0.51247389 0.4861911  0.465958   0.4521968  0.43600887 0.42435039
 0.40334801 0.39477424 0.35390268 0.31772936 0.28984166 0.28421331
 0.26251253 0.25927053 0.26414558]","[1.1870586  1.19752625 1.22042423 1.22272176 1.22139172 1.2209367
 1.21682008 1.21240098 1.21273923]","[0.10447735 0.09873594 0.09459952 0.0915385  0.09078651 0.09105119
 0.09315792 0.09653833 0.10142553]"
6,5TO5,1.0,1.5,5.0,"[0.54956341 0.55107334 0.55278859 0.57220883 0.60498969 0.62959841
 0.6519906  0.65871405 0.68934273 0.69863374 0.70353675 0.70477647
 0.71648433 0.72792936 0.73305261 0.73485906 0.75048746 0.75844313
 0.76690454 0.76949642 0.79562984 0.79522985 0.80079921 0.8010736
 0.78753642 0.78426901 0.78461658 0.78148612 0.77829125 0.78560628
 0.78290295 0.77670988 0.76963638 0.7625284  0.75261098 0.7301515
 0.72526015 0.70922056 0.71307379 0.69990101 0.69207264 0.67737293
 0.66100694 0.66229184 0.63405757 0.61677769 0.5841217  0.56667045
 0.54231627 0.55475514 0.54984757]","[1.22858784 1.23364582 1.23787343 1.23099647 1.23151495 1.22935692
 1.23382846 1.23248985 1.23162338]","[0.15175897 0.14919862 0.14685624 0.14547429 0.14429606 0.14448835
 0.14570973 0.14751324 0.14906613]"
7,6TO6,1.0,1.5,5.0,"[0.49360163 0.49467658 0.52066497 0.54084367 0.54147719 0.57575017
 0.61179922 0.62086562 0.64239482 0.66617331 0.66093204 0.66767202
 0.67959242 0.6706496  0.69481794 0.70107814 0.71025981 0.7218538
 0.72737578 0.72706079 0.73653652 0.7294401  0.72976798 0.75316703
 0.74556401 0.74446492 0.73946864 0.72605447 0.72785668 0.70901546
 0.68946885 0.69768602 0.69948915 0.69476286 0.67739022 0.67273871
 0.65179766 0.64834336 0.63615182 0.62508564 0.60782119 0.60780422
 0.60500038 0.58496721 0.57393883 0.53628926 0.51201694 0.50434381
 0.48622574 0.49280895 0.49843343]","[1.20459882 1.20547657 1.20954108 1.217271   1.223552   1.22060395
 1.21416277 1.20870431 1.20755803]","[0.14996077 0.14748022 0.14547283 0.14394834 0.1437462  0.14363478
 0.14453469 0.14575701 0.14857517]"
8,7TO7,1.0,1.5,5.0,"[0.47417651 0.47160408 0.50974437 0.53300998 0.57240747 0.6063708
 0.63352705 0.68471254 0.70444677 0.69833167 0.70610321 0.70728503
 0.69823943 0.71679169 0.72732725 0.73697889 0.7545258  0.76671737
 0.76586174 0.76590274 0.76709187 0.77384472 0.77021819 0.77521092
 0.77608877 0.76828005 0.75337339 0.74077749 0.73836796 0.71494708
 0.69574843 0.69116754 0.68958304 0.68446483 0.66740889 0.64906788
 0.63598001 0.62732568 0.6074773  0.59965333 0.58732379 0.57375701
 0.55543153 0.55234793 0.5312846  0.49729567 0.48130925 0.47350063
 0.46444149 0.46183674 0.47701032]","[1.22244372 1.2246397  1.22710538 1.22067834 1.22333496 1.22376117
 1.23358122 1.23203489 1.2281772 ]","[0.15015751 0.14742872 0.14527469 0.14399997 0.14297885 0.14312105
 0.144322   0.14587757 0.14802093]"
9,8TO8,1.0,1.5,5.0,"[0.6765332  0.68161638 0.68745774 0.71346793 0.73364156 0.7329664
 0.74856927 0.77839157 0.77679124 0.78998254 0.79793701 0.8005086
 0.80994753 0.80507243 0.80917118 0.82113779 0.82758682 0.83759989
 0.84612803 0.84079513 0.83971492 0.84404914 0.84068254 0.83843327
 0.83462012 0.8367055  0.83232777 0.83331462 0.8352933  0.82755782
 0.83607033 0.8341406  0.83614935 0.83196741 0.82711504 0.82189098
 0.79385277 0.78336082 0.77762255 0.76685376 0.77060598 0.75740287
 0.74874499 0.74162157 0.74775244 0.73612041 0.70421149 0.68769613
 0.67627466 0.6660692  0.66208895]","[1.22876657 1.23268058 1.23660391 1.23652391 1.23903861 1.23551565
 1.23785157 1.23312632 1.23338363]","[0.15162808 0.14905238 0.14718585 0.14542201 0.1451746  0.14445412
 0.14581406 0.14685113 0.14930854]"
10,9TO9,1.0,1.5,5.0,"[0.80308447 0.80442576 0.81052373 0.82461934 0.80431906 0.80737988
 0.81871626 0.82135628 0.81504511 0.82147769 0.82382629 0.82707546
 0.81959081 0.8165444  0.81164252 0.81663063 0.8188522  0.82563903
 0.82898053 0.82528523 0.82851291 0.83645414 0.84142753 0.84960666
 0.84352839 0.86345699 0.8577016  0.85708153 0.83177617 0.82901145
 0.82188964 0.80640535 0.80540912 0.80008905 0.80619669 0.81464514
 0.81852543 0.82122739 0.81664418 0.81522134 0.80704228 0.80955086
 0.80505153 0.79928533 0.81934215 0.81007659 0.80732773 0.81861552
 0.81780636 0.81083492 0.80055427]","[1.24401908 1.25102275 1.25739851 1.26292377 1.2649662  1.26166416
 1.25157552 1.25103719 1.24978404]","[0.15018347 0.14764812 0.14503655 0.14361252 0.14305128 0.14303674
 0.144416   0.14579996 0.14857837]"
11,5TO9,1.0,1.5,5.0,"[0.58906032 0.58577432 0.61108759 0.63061414 0.64321493 0.67199627
 0.69425885 0.70188517 0.71714814 0.72723302 0.72904975 0.73009452
 0.7324367  0.73922352 0.74857425 0.75554149 0.76068064 0.77129246
 0.77452927 0.78625599 0.79713998 0.80340118 0.80564074 0.79851488
 0.80315754 0.79338018 0.78852238 0.77606216 0.78151285 0.7695162
 0.76574549 0.76726894 0.76291601 0.74591508 0.74230846 0.73552844
 0.7207122  0.71979992 0.70256913 0.69259595 0.68488124 0.68168936
 0.67832378 0.66991895 0.64986394 0.63104988 0.6068082  0.59996624
 0.58992968 0.58634563 0.59084281]","[1.22888451 1.23311619 1.23301041 1.2334485  1.23571607 1.2326064
 1.22956768 1.22470893 1.22070777]","[0.15100666 0.14838666 0.1459507  0.14411541 0.14350614 0.14356902
 0.14499474 0.14611393 0.14868833]"
12,5TO5,0.0,1.5,10.0,"[0.33654553 0.34121951 0.35417058 0.37854373 0.41920946 0.44661437
 0.4957358  0.52616253 0.56812456 0.58183672 0.59586645 0.59236697
 0.59981784 0.63079266 0.6608325  0.692551   0.70690919 0.73934337
 0.75868674 0.77514704 0.77869605 0.79721321 0.81079752 0.82955252
 0.82940824 0.83420183 0.84277035 0.84948594 0.8550135  0.85897202
 0.87367097 0.87928717 0.88501119 0.88765854 0.88688417 0.88633108
 0.88907227 0.89294173 0.89414929 0.89501911 0.89925962 0.89649709
 0.89737389 0.9026366  0.91111562 0.90843242 0.90825146 0.91654468
 0.91588837 0.91720642 0.91660957 0.91236155 0.91222314 0.9072961
 0.90618963 0.91174769 0.90611988 0.90552851 0.90543385 0.90477406
 0.88807567 0.88626242 0.89400618 0.88704601 0.88460984 0.88213654
 0.88262072 0.8797435  0.87660903 0.86288348 0.86316599 0.86121094
 0.84406835 0.83595207 0.81953051 0.81398825 0.80228265 0.78944992
 0.78199817 0.76085181 0.75176496 0.73245962 0.7192768  0.67666108
 0.65366425 0.6380889  0.61968646 0.5862498  0.56363439 0.5462448
 0.53927949 0.52710238 0.51760454 0.4761222  0.44635242 0.39980807
 0.37745266 0.3553908  0.33567014 0.3290922  0.3297869 ]","[1.27061099 1.27319761 1.27626682 1.28292709 1.27767923 1.2748534
 1.25990624 1.25835843 1.26066391]","[0.1327328  0.1268342  0.12083098 0.117276   0.11603697 0.11605642
 0.11818957 0.12134127 0.12608437]"
13,6TO6,0.0,1.5,10.0,"[0.32959711 0.32848398 0.3562464  0.37138348 0.39719039 0.43118218
 0.47753316 0.51771102 0.55079522 0.56195678 0.57159494 0.58084606
 0.59173245 0.61775195 0.65352647 0.67842561 0.71094853 0.73970188
 0.74655339 0.75256852 0.76546737 0.77652548 0.77226537 0.79675533
 0.80790011 0.82005215 0.82811956 0.83703583 0.83742592 0.84044496
 0.84924047 0.85072838 0.86241764 0.87110292 0.87178861 0.87816048
 0.88536416 0.89060664 0.88925418 0.89143532 0.8935985  0.89221954
 0.89560309 0.89360866 0.89401108 0.89566805 0.90711364 0.90519931
 0.90486138 0.90753629 0.90771311 0.90589961 0.89316931 0.89239141
 0.89026085 0.88235885 0.88401992 0.88302287 0.88537924 0.8826287
 0.8822707  0.8633364  0.86266982 0.85621378 0.8482825  0.84117159
 0.83803957 0.82255196 0.82440803 0.81514111 0.8090895  0.80725058
 0.8126588  0.8067108  0.79353353 0.7861983  0.78469263 0.77085116
 0.76121903 0.74676275 0.72683852 0.71613247 0.70099952 0.6858094
 0.66534251 0.62501994 0.60607044 0.55327262 0.53889626 0.51908438
 0.51454705 0.50790712 0.49924403 0.44822955 0.4250929  0.37972651
 0.35999899 0.35581579 0.3414345  0.33729824 0.32755195]","[1.25823195 1.25986054 1.26260185 1.2483097  1.24526191 1.24113953
 1.2387681  1.24424575 1.23777145]","[0.12961795 0.12284705 0.11784414 0.11452758 0.11372266 0.11414295
 0.11632674 0.12016794 0.12466498]"
14,7TO7,0.0,1.5,10.0,"[0.31902662 0.32522278 0.3737902  0.38497333 0.41831241 0.46329143
 0.51315608 0.5638667  0.6023882  0.61353186 0.62018459 0.63358977
 0.64202175 0.67001006 0.69553946 0.7261598  0.75971055 0.7804238
 0.78254759 0.78600839 0.79323304 0.81701163 0.8277122  0.83707348
 0.84886058 0.85415193 0.86378863 0.87797629 0.87960635 0.87166688
 0.87551376 0.87666104 0.88058411 0.88289444 0.89522551 0.89605314
 0.89863325 0.90124247 0.90118529 0.901942   0.90789498 0.90923829
 0.90763044 0.90794372 0.91143    0.91148993 0.90765578 0.91080655
 0.89551232 0.89583014 0.89576986 0.89568007 0.89598881 0.88781478
 0.88860036 0.88893025 0.88895439 0.90299207 0.90345666 0.89346552
 0.88926059 0.88468743 0.8827698  0.88268761 0.87720207 0.86916959
 0.87149475 0.86830743 0.85790349 0.85497423 0.84364713 0.81527512
 0.80892324 0.79269335 0.78894843 0.78523118 0.78171879 0.75628182
 0.74507322 0.72514566 0.70728486 0.69232126 0.68353353 0.66958144
 0.63320593 0.59114307 0.55167959 0.52212795 0.49217075 0.47453878
 0.47210299 0.46177487 0.45587839 0.41517559 0.39247979 0.35284727
 0.32886125 0.3192378  0.31341213 0.31070693 0.32294848]","[1.25927733 1.26066273 1.26201682 1.2534348  1.24971394 1.25164845
 1.27104624 1.27061416 1.27101828]","[0.12827995 0.12174862 0.1157961  0.11282905 0.11173338 0.11210513
 0.11477229 0.11841286 0.12301046]"
15,8TO8,0.0,1.5,10.0,"[0.33698087 0.34965451 0.34962972 0.36339073 0.41142867 0.45337945
 0.49855438 0.53368535 0.56868294 0.59230166 0.63247942 0.64958368
 0.66404842 0.67643059 0.68703302 0.69259124 0.70315286 0.71947933
 0.75314694 0.7796823  0.79832698 0.81629587 0.82146456 0.83554443
 0.83908604 0.84635476 0.85141204 0.84939957 0.85429421 0.86167299
 0.86186763 0.86193186 0.87470794 0.87641577 0.87967407 0.88386649
 0.87877984 0.87722706 0.88155869 0.89513402 0.89628587 0.89874352
 0.91258104 0.90668508 0.91100825 0.91148968 0.91146149 0.91250582
 0.91509192 0.91736332 0.91648219 0.91238252 0.91781    0.91693346
 0.90664325 0.90560008 0.90461451 0.90444817 0.90276488 0.90173448
 0.89388743 0.89051092 0.87530434 0.8714958  0.86898417 0.86471888
 0.85630135 0.85298167 0.84465901 0.84133529 0.83635484 0.82197882
 0.81438139 0.8048102  0.80166115 0.78517092 0.79378564 0.78247989
 0.77920952 0.76552009 0.7556333  0.72982145 0.70196849 0.67590934
 0.63720686 0.61915768 0.58437031 0.55694812 0.53662748 0.52386051
 0.5211204  0.47083025 0.45853638 0.44553691 0.43386412 0.42232021
 0.36810756 0.34468455 0.32918566 0.33047044 0.33480894]","[1.27013624 1.27119409 1.27223707 1.26122622 1.25890484 1.25941036
 1.27157126 1.27165221 1.2729694 ]","[0.12979876 0.12308111 0.11814387 0.11486951 0.1136602  0.11403586
 0.11604852 0.1199622  0.1254241 ]"
16,9TO9,0.0,1.5,10.0,"[0.34863784 0.3570842  0.38501578 0.40334306 0.42909689 0.46115206
 0.48715681 0.51135278 0.52270761 0.54098374 0.56297613 0.58043288
 0.5957352  0.62879533 0.64841776 0.67407335 0.68584566 0.69460536
 0.7273133  0.74300442 0.76260947 0.77114732 0.77105353 0.77760243
 0.78673739 0.79495229 0.80142994 0.8105324  0.81546093 0.81474422
 0.82265495 0.82575292 0.83380243 0.8399157  0.84260988 0.84958942
 0.85970238 0.86105442 0.85883961 0.86344724 0.86699825 0.86919804
 0.8713423  0.88464138 0.88953932 0.89222496 0.89555328 0.8966867
 0.89611366 0.89713546 0.89844789 0.89786021 0.89171743 0.88986742
 0.88779895 0.88655045 0.88553215 0.88466249 0.87836948 0.87716015
 0.87731754 0.87278032 0.8710914  0.87023236 0.86085599 0.85857037
 0.85947623 0.85001615 0.84240538 0.83800108 0.8312866  0.8225527
 0.81643253 0.80468456 0.7972106  0.78471208 0.7742775  0.76926047
 0.75014233 0.74237423 0.72044749 0.70746141 0.68923639 0.66539491
 0.63654823 0.62750999 0.60959071 0.58688431 0.57377228 0.56411677
 0.54596894 0.52228031 0.50425098 0.47190428 0.44397041 0.41344022
 0.40233812 0.36854476 0.36509326 0.36737192 0.34537672]","[1.29306269 1.29469281 1.29704875 1.3032459  1.30492512 1.30893509
 1.30177123 1.30418397 1.29749717]","[0.12719714 0.12165894 0.11741639 0.11464426 0.11384812 0.11446091
 0.11652894 0.12044895 0.12613078]"
17,5TO9,0.0,1.5,10.0,"[0.34162767 0.34616984 0.36422993 0.38660892 0.4139076  0.44977208
 0.49422994 0.5288341  0.56860641 0.59450839 0.60129703 0.60270226
 0.62208473 0.64793215 0.66329644 0.68929266 0.71759814 0.74558629
 0.7600503  0.77390328 0.78148009 0.80368775 0.80985348 0.82899981
 0.83453431 0.8418924  0.84716864 0.85479092 0.85941697 0.8638676
 0.86995861 0.87564509 0.87188998 0.88055505 0.88472778 0.88961941
 0.89228287 0.89492533 0.8968274  0.90460579 0.90803151 0.90699518
 0.90432683 0.90506826 0.90647209 0.91292123 0.90780145 0.90662151
 0.90272767 0.90265044 0.90376303 0.90589788 0.90218004 0.90622384
 0.89417118 0.89335925 0.8921348  0.88692726 0.88767868 0.8876122
 0.88270499 0.88106394 0.87943632 0.8766313  0.87436085 0.86929717
 0.85818711 0.85679435 0.85232377 0.84965187 0.84790282 0.83169672
 0.82252421 0.81900393 0.80436222 0.79602278 0.78009421 0.76460773
 0.7630104  0.73117288 0.72919953 0.72257144 0.71113589 0.67643912
 0.64131828 0.61755904 0.58770116 0.56475779 0.53761737 0.5208658
 0.50886479 0.4930787  0.48465024 0.46147604 0.42734702 0.40090148
 0.36302431 0.34812792 0.33000188 0.32795175 0.33485728]","[1.27124083 1.27291255 1.27466426 1.26823877 1.26879439 1.27004853
 1.2609504  1.263203   1.26477125]","[0.12896069 0.12298877 0.11778054 0.11451118 0.11343631 0.11385274
 0.11586955 0.11967481 0.12444825]"
18,5TO5,1.0,1.5,10.0,"[0.59122182 0.58725487 0.60911103 0.62654537 0.64847729 0.67819875
 0.70941303 0.72166104 0.73068619 0.75668295 0.76068458 0.76269032
 0.7754356  0.77926821 0.78796056 0.80280362 0.82173996 0.82991331
 0.8427939  0.85070845 0.86262981 0.86933767 0.86927829 0.88763902
 0.89323529 0.8987154  0.90275613 0.90763487 0.90797489 0.90731741
 0.91466074 0.91689083 0.91722806 0.92507623 0.92971455 0.93102462
 0.93436842 0.93583552 0.93688023 0.93117421 0.9375019  0.93814101
 0.94040086 0.9443571  0.94938146 0.94929225 0.94901221 0.94860327
 0.95471359 0.95255991 0.95242721 0.9497955  0.93260385 0.93218299
 0.93255265 0.93210751 0.9325395  0.93171909 0.93646543 0.93449165
 0.93136943 0.93297621 0.93029731 0.91469852 0.91373037 0.9167165
 0.91459779 0.91076883 0.90916176 0.90164023 0.89698796 0.89301877
 0.88633574 0.88870518 0.8779979  0.87666155 0.87325374 0.86974571
 0.86031245 0.86119725 0.8554158  0.85337037 0.84513946 0.82065505
 0.80031951 0.79408445 0.78083971 0.76457899 0.75980938 0.74789829
 0.73464745 0.7348629  0.72261522 0.71759329 0.67581959 0.64605658
 0.63154628 0.62168227 0.59122754 0.58302802 0.57930577]","[1.27795824 1.27839934 1.27879905 1.2764107  1.27843167 1.28016655
 1.27996337 1.29017064 1.28691054]","[0.16674008 0.16374638 0.1607147  0.15925788 0.15898805 0.15926683
 0.16008937 0.16169946 0.16446667]"
19,6TO6,1.0,1.5,10.0,"[0.52891856 0.53036097 0.56589822 0.58167194 0.6063286  0.6278244
 0.64207719 0.69169272 0.70095909 0.72031202 0.72184292 0.71941433
 0.72971402 0.73668323 0.75111782 0.76407799 0.80355282 0.81671987
 0.82466916 0.83792547 0.84044281 0.84593603 0.85014144 0.86501849
 0.87108917 0.88227862 0.87652774 0.88322548 0.88587148 0.89937311
 0.89492841 0.898537   0.91209709 0.91299406 0.91423576 0.92319711
 0.92335983 0.9254106  0.92694348 0.92782986 0.92755466 0.92736006
 0.92846656 0.91812716 0.91984642 0.91872387 0.91852538 0.91667798
 0.91740148 0.91812153 0.91737133 0.91753557 0.92370934 0.91998717
 0.91910436 0.91483304 0.91442632 0.91377706 0.91734216 0.91721538
 0.9191758  0.91790868 0.91122929 0.90261432 0.90228792 0.90425363
 0.90430078 0.89538219 0.88616097 0.87669407 0.86997833 0.86175996
 0.86378561 0.86573254 0.84095863 0.82947586 0.82402935 0.81389306
 0.80230719 0.78043602 0.77087641 0.75762333 0.74486298 0.73639451
 0.73245629 0.71490052 0.70044291 0.69565658 0.6798843  0.65192727
 0.64852058 0.64401502 0.63949701 0.62870125 0.61829307 0.57773188
 0.55994165 0.55406795 0.54227069 0.53797235 0.54821222]","[1.25625576 1.25688087 1.25750489 1.25104233 1.24377575 1.24701141
 1.25417686 1.25573571 1.25831438]","[0.16497351 0.16220867 0.15964702 0.1580768  0.15779854 0.15768189
 0.15928808 0.16059036 0.16330535]"
20,7TO7,1.0,1.5,10.0,"[0.5145087  0.51915234 0.56257529 0.58651975 0.61698266 0.63987837
 0.682873   0.73056751 0.7415791  0.77262554 0.77239066 0.78068857
 0.7707262  0.77455228 0.7978563  0.82612768 0.83238219 0.85647096
 0.86496489 0.87377731 0.88577379 0.88597038 0.89973471 0.90514385
 0.90671856 0.90612529 0.9087403  0.91166643 0.91383707 0.90923303
 0.91602465 0.9102809  0.91148372 0.91688017 0.91868019 0.91961723
 0.9275328  0.9280198  0.93162084 0.92787728 0.92813747 0.93306342
 0.93083874 0.93562068 0.9351887  0.93901893 0.94530355 0.94721708
 0.93852983 0.9409115  0.94013702 0.94005749 0.93730236 0.94054508
 0.93959059 0.93863393 0.92868768 0.9284455  0.9271021  0.92577061
 0.92543884 0.92546989 0.92412863 0.9135672  0.90500166 0.90434413
 0.89507226 0.8932837  0.8920723  0.87696352 0.87587697 0.86905077
 0.86631595 0.85635272 0.85273603 0.85038055 0.82894938 0.82115446
 0.80518396 0.79330568 0.76243423 0.76038569 0.75701564 0.74455302
 0.7364655  0.70889017 0.68884268 0.67428561 0.66480721 0.63659235
 0.63508333 0.62854754 0.61815147 0.6025469  0.57807273 0.54491673
 0.52083577 0.50907588 0.50891534 0.52783398 0.52657407]","[1.28359581 1.2840729  1.28454703 1.2726519  1.27145105 1.27737716
 1.27482609 1.27967121 1.27926538]","[0.1641368  0.16088594 0.15831301 0.15693699 0.15689898 0.15701398
 0.15848723 0.16025488 0.16244923]"
21,8TO8,1.0,1.5,10.0,"[0.71906261 0.72428784 0.73278747 0.7504867  0.78508596 0.78575669
 0.78715586 0.802369   0.82430992 0.83331511 0.84105972 0.84779699
 0.86219959 0.88061027 0.88036191 0.88559839 0.87721005 0.88365638
 0.88888855 0.89199487 0.89645365 0.90445988 0.90994481 0.91722945
 0.91972623 0.9168942  0.92428986 0.92902841 0.93042836 0.93454046
 0.93585711 0.94426536 0.94405187 0.94765503 0.93984594 0.94118826
 0.9420113  0.94102342 0.94355869 0.94628976 0.94608552 0.94266917
 0.94606743 0.93961948 0.93992605 0.93937485 0.94625477 0.94981583
 0.94131874 0.94110015 0.94216372 0.94226952 0.93562669 0.93506026
 0.93433055 0.93784953 0.93491291 0.94266774 0.94394842 0.94233932
 0.9292805  0.9292702  0.92849644 0.92845482 0.92695644 0.92687061
 0.9262548  0.91638908 0.91248503 0.91150566 0.91055251 0.90456451
 0.89921203 0.88918379 0.88223912 0.88587669 0.88547079 0.88537917
 0.88295303 0.88058066 0.87513772 0.87682253 0.86756882 0.86377748
 0.85786029 0.85422968 0.83960729 0.8397641  0.82913815 0.81102158
 0.80909502 0.8050961  0.7881469  0.78270696 0.77726761 0.76027198
 0.7559271  0.7472017  0.72797671 0.71462992 0.70503539]","[1.28370619 1.28424506 1.28479039 1.2844892  1.29235777 1.29073295
 1.2898336  1.27953024 1.27891769]","[0.16639191 0.1633359  0.16087069 0.15915908 0.15846084 0.15822584
 0.15952193 0.16077184 0.16375205]"
22,9TO9,1.0,1.5,10.0,"[0.84376597 0.84745454 0.85380137 0.84881387 0.83614053 0.84563168
 0.85704183 0.86647789 0.86708936 0.86219771 0.87002894 0.87248813
 0.87199369 0.87676397 0.87344133 0.87482017 0.88504736 0.88875004
 0.89587354 0.89908898 0.89727283 0.90139321 0.90804201 0.90852526
 0.91255705 0.91294511 0.91705399 0.91786786 0.91280623 0.90744674
 0.90844356 0.90849104 0.90707676 0.91916774 0.91946159 0.91889453
 0.92943031 0.9284504  0.92931506 0.92662017 0.9278268  0.93831329
 0.93691725 0.93863851 0.9402725  0.94139599 0.93895246 0.93978005
 0.94085123 0.94201769 0.93297168 0.93372388 0.92997408 0.93045164
 0.92583875 0.92595346 0.92556904 0.92393425 0.92400789 0.92424948
 0.91665709 0.92306582 0.9236672  0.91979897 0.92332669 0.92271664
 0.92260371 0.9228117  0.91137351 0.91313447 0.91084403 0.91320069
 0.91917673 0.91858994 0.91181065 0.90133917 0.89311111 0.88861794
 0.88568472 0.879123   0.87738076 0.8770108  0.86970957 0.86925795
 0.87028415 0.86857825 0.86967913 0.8623752  0.8643292  0.87262498
 0.86989852 0.86805016 0.86477487 0.84886093 0.84944764 0.84834839
 0.83312554 0.84863348 0.8609986  0.8406334  0.83741176]","[1.31456031 1.31565414 1.31746467 1.31327278 1.305813   1.30579127
 1.30560628 1.30648156 1.30827818]","[0.16531163 0.16257649 0.16071446 0.15893232 0.15868865 0.15853949
 0.1607125  0.16213546 0.16529926]"
23,5TO9,1.0,1.5,10.0,"[0.63178011 0.63752173 0.65449391 0.67277009 0.68587861 0.70523396
 0.73719518 0.74600345 0.76757709 0.77761788 0.78943646 0.80191244
 0.80747806 0.81073424 0.81980932 0.82933379 0.8328496  0.84092278
 0.85736653 0.86452479 0.87461187 0.88407957 0.88874294 0.8894642
 0.90201674 0.90309533 0.91274433 0.91265895 0.91406821 0.91434296
 0.91837061 0.92332466 0.92429706 0.92558936 0.92708498 0.92866292
 0.93014027 0.93041921 0.92907119 0.92904088 0.92959024 0.92908052
 0.92981026 0.9420941  0.94017421 0.94112974 0.93820559 0.93704856
 0.93794861 0.93905861 0.93775304 0.94321504 0.93178552 0.93075657
 0.92978182 0.92964346 0.928452   0.92745599 0.92604646 0.92505808
 0.92081983 0.91978247 0.92109421 0.91424892 0.91348068 0.91153231
 0.91105819 0.90581564 0.90251997 0.90076399 0.9005489  0.89439873
 0.89051847 0.88441283 0.87694845 0.87038369 0.86113638 0.85020991
 0.84562583 0.83043852 0.82558777 0.81643497 0.81751305 0.80216451
 0.79534597 0.77778503 0.76858804 0.75480775 0.74972727 0.74097692
 0.73306389 0.7287064  0.72838936 0.72006424 0.70116858 0.67268258
 0.66357353 0.65194133 0.63129287 0.63560889 0.63671448]","[1.27293395 1.27348712 1.27410506 1.2756166  1.27949719 1.27879264
 1.29179553 1.29194305 1.29082165]","[0.16633352 0.16329664 0.16006669 0.15847533 0.15813498 0.15800965
 0.15950423 0.16098954 0.16365291]"
24,5TO5,0.0,2.4,5.0,[],[],[]
25,6TO6,0.0,2.4,5.0,[],[],[]
26,7TO7,0.0,2.4,5.0,[],[],[]
27,8TO8,0.0,2.4,5.0,[],[],[]
28,9TO9,0.0,2.4,5.0,[],[],[]
29,5TO9,0.0,2.4,5.0,[],[],[]
30,5TO5,1.0,2.4,5.0,[],[],[]
31,6TO6,1.0,2.4,5.0,[],[],[]
32,7TO7,1.0,2.4,5.0,[],[],[]
33,8TO8,1.0,2.4,5.0,[],[],[]
34,9TO9,1.0,2.4,5.0,[],[],[]
35,5TO9,1.0,2.4,5.0,[],[],[]
36,5TO5,0.0,2.4,10.0,"[0.20605069 0.20721378 0.2058916  0.20934227 0.23313156 0.24408602
 0.26586429 0.27975501 0.29783225 0.32187004 0.35458814 0.38978649
 0.42193327 0.44693717 0.47299209 0.50059024 0.52181111 0.5412411
 0.54704201 0.55754772 0.56614355 0.572847   0.57846005 0.59062457
 0.61371603 0.62126595 0.63700048 0.64637131 0.66369929 0.67983662
 0.70178106 0.71794126 0.73031604 0.74617042 0.74929561 0.75883117
 0.7742199  0.77788208 0.78079758 0.79814056 0.80678677 0.81824659
 0.82393679 0.8337399  0.84092218 0.84673073 0.84998123 0.85174906
 0.85813531 0.86174383 0.86494678 0.87172213 0.87722667 0.8795466
 0.87242165 0.86931887 0.87161851 0.87803949 0.87951806 0.88133037
 0.88361847 0.89304006 0.9011044  0.9070453  0.91046382 0.912019
 0.91143783 0.91242425 0.9011846  0.89966396 0.90180993 0.9074152
 0.90776374 0.90889537 0.90993493 0.91683738 0.92015574 0.92052076
 0.92080533 0.92117426 0.92449601 0.92713442 0.92683723 0.93040134
 0.93033793 0.92997993 0.93094354 0.93122571 0.9265122  0.9242658
 0.92452663 0.92630976 0.92652357 0.92538565 0.92513139 0.92419925
 0.92593437 0.92811132 0.9299268  0.93043907 0.93384222]","[1.2822648  1.2831239  1.28297251 1.28523077 1.2848148  1.28475355
 1.27299012 1.28140576 1.2773214 ]","[0.12056771 0.11176732 0.10511084 0.10167661 0.10003137 0.10101303
 0.10404622 0.11007844 0.11830426]"
37,6TO6,0.0,2.4,10.0,"[0.20115643 0.20371098 0.20987831 0.22657651 0.240766   0.25663152
 0.26797298 0.28481505 0.3137242  0.33472462 0.34974723 0.36790514
 0.39370275 0.42125535 0.45772827 0.4942491  0.52220349 0.54452117
 0.56133911 0.56886649 0.56764323 0.57285007 0.5788364  0.58484091
 0.60567165 0.62036707 0.64678825 0.66449639 0.67538654 0.6892512
 0.71055394 0.72909282 0.7527362  0.77631275 0.78620124 0.7920969
 0.79475564 0.77602466 0.78523478 0.78063355 0.78200858 0.79809001
 0.80097703 0.80434701 0.81383542 0.82565102 0.82822961 0.84653668
 0.85575325 0.85863308 0.85976348 0.86543866 0.87250348 0.86991909
 0.87164024 0.86815435 0.87143911 0.86753655 0.86921897 0.87096416
 0.87340678 0.87826534 0.8835587  0.88336335 0.88508635 0.88659983
 0.88811801 0.89422914 0.89918422 0.90201852 0.89571649 0.90650274
 0.90544502 0.90692792 0.90772984 0.91141933 0.91346241 0.91597505
 0.91645738 0.91800712 0.91372362 0.91416599 0.91683858 0.9158072
 0.91957858 0.91805484 0.91690362 0.91562325 0.91670273 0.91824193
 0.91998113 0.91907399 0.91774017 0.91759527 0.92381932 0.9250471
 0.92584773 0.93181237 0.92701318 0.92597301 0.92449196]","[1.24269177 1.24457759 1.2320243  1.23611837 1.25852273 1.25891144
 1.24345836 1.24318806 1.26965149]","[0.12183886 0.11238062 0.10622445 0.10251283 0.10040322 0.10154667
 0.10468377 0.11065074 0.11831796]"
38,7TO7,0.0,2.4,10.0,"[0.19342033 0.2032136  0.20892627 0.22627519 0.23994724 0.25993112
 0.27886422 0.30401257 0.33369844 0.3607185  0.38394052 0.38199932
 0.42801251 0.46951318 0.51397554 0.54271646 0.57560166 0.60354109
 0.60047646 0.60989207 0.61390253 0.62009839 0.62713613 0.63608949
 0.66129654 0.68034771 0.69096052 0.71579788 0.72871584 0.73773084
 0.74522826 0.7563672  0.76366721 0.77589621 0.7863569  0.79066933
 0.79488922 0.80633552 0.81063423 0.81968726 0.82474639 0.83524216
 0.84002752 0.85102652 0.85947568 0.86317126 0.86947927 0.87344774
 0.87483625 0.87415985 0.87523872 0.87756818 0.88550116 0.89178132
 0.88867592 0.89836182 0.8971371  0.89915057 0.90168642 0.89894938
 0.90009341 0.89317281 0.8876158  0.88916886 0.89182862 0.8933703
 0.8970547  0.89919268 0.89995729 0.90427276 0.90505422 0.90404253
 0.9130255  0.91738635 0.91818378 0.91682725 0.91447539 0.91341751
 0.91529989 0.91260453 0.91137554 0.91147724 0.9190135  0.91825978
 0.91874644 0.9211703  0.92364661 0.92379803 0.92395633 0.92411474
 0.94433827 0.94441922 0.93480551 0.93410881 0.93619822 0.93606113
 0.93574978 0.93395623 0.93370318 0.932001   0.93550903]","[1.24903103 1.25032706 1.2661878  1.27510773 1.25688793 1.25839522
 1.26509122 1.250407   1.24762603]","[0.11966626 0.1095314  0.10290102 0.09915015 0.0985233  0.09975341
 0.10327801 0.10966416 0.11774088]"
39,8TO8,0.0,2.4,10.0,"[0.20400208 0.21043605 0.21632765 0.22054947 0.23822328 0.25258241
 0.28150838 0.30329781 0.31195366 0.33179528 0.35972479 0.38751645
 0.42634327 0.45980054 0.48251479 0.51214424 0.54567504 0.55574987
 0.56769944 0.58735719 0.61295296 0.62936984 0.64514175 0.6607987
 0.67254654 0.68258936 0.68821465 0.69689346 0.68722278 0.70125071
 0.70907348 0.72269141 0.73302562 0.74885502 0.7657511  0.77775838
 0.8114944  0.81878808 0.82673698 0.83218483 0.83553373 0.83878591
 0.83771729 0.84223054 0.84841303 0.84843481 0.85159682 0.85441584
 0.8574695  0.86135581 0.86729076 0.87479298 0.87765222 0.88240493
 0.89127041 0.89591006 0.89884838 0.90415981 0.90620104 0.90511537
 0.90516873 0.90585945 0.9082709  0.90988553 0.91075333 0.90544713
 0.89477187 0.89538536 0.89817234 0.89960101 0.90028596 0.90450389
 0.90855437 0.90944233 0.91034681 0.91352764 0.9296376  0.9301502
 0.93570833 0.92790106 0.92849307 0.92680245 0.9273693  0.9322834
 0.93276227 0.9347142  0.9380401  0.93591468 0.9361096  0.93840608
 0.93859191 0.93877515 0.94153358 0.92897657 0.93065833 0.93060858
 0.93051761 0.93093793 0.93389728 0.93367282 0.93205822]","[1.27669168 1.27801939 1.28146197 1.27873132 1.27704525 1.2810045
 1.27622142 1.28544279 1.2813435 ]","[0.12032121 0.1103953  0.10428794 0.10016435 0.09857588 0.09996399
 0.10324768 0.10897104 0.11739718]"
40,9TO9,0.0,2.4,10.0,"[0.2177907  0.21970303 0.22443948 0.2299591  0.23419753 0.24754589
 0.26276371 0.27733781 0.31691607 0.35039563 0.36562391 0.39461419
 0.42155483 0.43661437 0.46079813 0.47101691 0.48027871 0.50669513
 0.51998027 0.53640833 0.54857216 0.5576921  0.57787751 0.58894625
 0.5963756  0.59129367 0.62800974 0.64765591 0.65914237 0.67538047
 0.69328727 0.70166199 0.70568627 0.72608289 0.74559755 0.75026669
 0.77288705 0.77938832 0.78621492 0.79204755 0.79595535 0.80212253
 0.80576827 0.80759185 0.81153583 0.80877651 0.81364236 0.81602424
 0.82486872 0.83010959 0.82923815 0.8349604  0.83871702 0.84760415
 0.85385256 0.85885976 0.86419725 0.86667593 0.8694033  0.8746594
 0.87463556 0.8763426  0.86871105 0.87724927 0.87737167 0.87743136
 0.87845503 0.879386   0.88067073 0.88073067 0.87903212 0.8844456
 0.8883252  0.88890275 0.88718272 0.88791658 0.88683782 0.89713302
 0.89808105 0.90192915 0.90283486 0.90975101 0.91060073 0.90632844
 0.90415341 0.91092119 0.91381501 0.90852472 0.90946818 0.90635848
 0.90792849 0.91199202 0.91221388 0.91538824 0.91552471 0.9164878
 0.91660522 0.92034261 0.92207786 0.91873163 0.91542422]","[1.31804989 1.32108868 1.3123505  1.30210392 1.30363647 1.30612476
 1.29010579 1.2914188  1.30260903]","[0.12064714 0.11161842 0.10477418 0.10136802 0.10026942 0.10108124
 0.1047199  0.11075573 0.11905725]"
41,5TO9,0.0,2.4,10.0,"[0.20281715 0.2075673  0.21756579 0.22803497 0.23784256 0.24950861
 0.27060378 0.2897871  0.30602045 0.33507522 0.35823704 0.39022674
 0.421679   0.44778075 0.47877716 0.51162863 0.5317216  0.55745779
 0.56720528 0.57650907 0.58268231 0.59471005 0.60475976 0.61129263
 0.61946853 0.63945422 0.65418556 0.67316275 0.69662893 0.71526154
 0.7268367  0.73748487 0.74499594 0.759751   0.76862311 0.77585601
 0.78080433 0.78985556 0.79613947 0.802014   0.81256982 0.82160124
 0.83404649 0.83862759 0.84618223 0.85022263 0.85248074 0.85148098
 0.85507728 0.85733467 0.85847166 0.86692625 0.8677883  0.8691651
 0.87312921 0.87433134 0.87762983 0.88579752 0.88855521 0.89041707
 0.89204842 0.89455611 0.88987257 0.90214611 0.90272575 0.90760064
 0.90768485 0.9104689  0.91127726 0.91003156 0.91025824 0.90930255
 0.91037285 0.91111846 0.91197837 0.91604438 0.91326235 0.91376756
 0.91660179 0.9195696  0.91941291 0.91765049 0.9249939  0.92496273
 0.92693789 0.92748368 0.92568132 0.93058495 0.92983204 0.93071875
 0.92232558 0.9230314  0.92136265 0.92001597 0.91576497 0.91590998
 0.91598433 0.91536132 0.91616308 0.91649592 0.91700283]","[1.27595338 1.27802683 1.27607202 1.26784419 1.27812297 1.27795753
 1.28450972 1.28903864 1.28142508]","[0.12066657 0.11111294 0.10466436 0.10060057 0.099543   0.10035779
 0.10375214 0.10987945 0.11758988]"
42,5TO5,1.0,2.4,10.0,"[0.61322304 0.61750582 0.63188585 0.63261064 0.63680595 0.64039889
 0.65676991 0.6659114  0.68242665 0.70012038 0.71954861 0.734182
 0.7459203  0.76794271 0.78603224 0.80131282 0.80924848 0.81524383
 0.8110889  0.81468696 0.81907544 0.82448231 0.82385946 0.82345161
 0.83118182 0.83347635 0.8352587  0.83046439 0.83269294 0.83570847
 0.84054669 0.84917221 0.85642718 0.86390806 0.86854714 0.86721449
 0.86935723 0.87722633 0.88476628 0.88887686 0.89649416 0.90237871
 0.90753013 0.91400131 0.9155504  0.91978856 0.91579676 0.91456908
 0.91817595 0.92411822 0.91287738 0.91389323 0.91447858 0.91730211
 0.91906823 0.91923065 0.92001346 0.92294979 0.9242531  0.92702557
 0.9283373  0.93361383 0.93489894 0.93582068 0.93715516 0.94065476
 0.9409891  0.94138973 0.94195048 0.94985214 0.95080124 0.94916073
 0.95034264 0.95309405 0.94983807 0.95028178 0.95062039 0.95537872
 0.9554508  0.95598615 0.95807235 0.96035352 0.96171226 0.96221785
 0.96267433 0.96181019 0.97079756 0.97082608 0.96923656 0.96935053
 0.96927486 0.96938347 0.96589899 0.96529809 0.96524442 0.96490592
 0.96399312 0.96385245 0.96810475 0.96591073 0.96589478]","[1.28974532 1.29024297 1.29243258 1.29454174 1.29545948 1.29336022
 1.28283222 1.28325014 1.2844686 ]","[0.16221205 0.15704259 0.15401269 0.15164159 0.15074264 0.15137732
 0.15316845 0.15627125 0.16075306]"
43,6TO6,1.0,2.4,10.0,"[0.5272214  0.53429688 0.53244442 0.55728042 0.58328614 0.57800727
 0.58487137 0.62644659 0.64654042 0.66239635 0.68047327 0.68852395
 0.70108998 0.72308555 0.74473634 0.75403908 0.75841154 0.76491298
 0.77100625 0.7772054  0.78552302 0.79145429 0.7918678  0.79417719
 0.80227438 0.80644324 0.80785609 0.80863747 0.8128614  0.81405455
 0.81426101 0.82277532 0.82584131 0.82823073 0.82972022 0.83407655
 0.83566038 0.83750314 0.83820329 0.84848285 0.85501549 0.85728545
 0.86223222 0.86898952 0.87374968 0.86982745 0.87171769 0.87180655
 0.87311795 0.88070012 0.88449766 0.88521675 0.87828404 0.88987068
 0.8916071  0.89264984 0.89328664 0.90338647 0.90760893 0.90902535
 0.90425681 0.90275062 0.90041007 0.90732793 0.91081469 0.91169818
 0.92616575 0.92642115 0.92976553 0.92513296 0.9280252  0.92847918
 0.92993671 0.93072488 0.93150715 0.93246786 0.93304228 0.93651057
 0.93409253 0.93201774 0.93209972 0.93281032 0.93275208 0.93183444
 0.93771285 0.93844122 0.93930597 0.9394137  0.9395192  0.94169984
 0.94157308 0.93723962 0.9346151  0.94228474 0.94360199 0.94036396
 0.93945782 0.94324861 0.94296061 0.94542931 0.94513012]","[1.24310542 1.24314341 1.25182775 1.26121342 1.24987911 1.23837944
 1.24895733 1.24878159 1.25470912]","[0.16055775 0.15475649 0.15120396 0.14857962 0.14831074 0.14846394
 0.15045461 0.15406447 0.15797   ]"
44,7TO7,1.0,2.4,10.0,"[0.55135836 0.5501961  0.54744677 0.54883008 0.56647378 0.57613268
 0.59738563 0.60304117 0.6561051  0.6882772  0.70766849 0.71705914
 0.72382417 0.74923025 0.78273666 0.79451524 0.80288753 0.82182038
 0.82044661 0.83127577 0.83680788 0.83571621 0.83928004 0.84235198
 0.84456176 0.84293581 0.84511276 0.85137091 0.85059106 0.86125355
 0.85928398 0.86360019 0.86719605 0.87176917 0.87027008 0.87342491
 0.88019948 0.88065658 0.89381621 0.89658856 0.8982566  0.89992093
 0.90840337 0.91314947 0.91305324 0.91694496 0.92426954 0.91920942
 0.91417048 0.91476764 0.91535497 0.9186037  0.92627996 0.92660486
 0.92896601 0.92893208 0.93296491 0.93540784 0.93601445 0.93863135
 0.94124016 0.94302362 0.94311107 0.94320704 0.94383342 0.94873537
 0.94931574 0.95054552 0.95731365 0.96009426 0.95766988 0.95940646
 0.95768601 0.96211345 0.96266112 0.96322987 0.96365035 0.95237521
 0.94957187 0.95204235 0.95236908 0.95269407 0.95603409 0.9560618
 0.95981738 0.95999925 0.95997709 0.95948188 0.9585942  0.9586833
 0.9586279  0.9483848  0.94379294 0.94393698 0.94407725 0.94421761
 0.94163356 0.9455912  0.94885568 0.95144446 0.95142453]","[1.27631138 1.27698928 1.27649334 1.28476438 1.28811674 1.2904019
 1.29662044 1.2989734  1.27523052]","[0.16073614 0.15427635 0.15081559 0.1485883  0.1480996  0.14848951
 0.15071652 0.15361887 0.15709601]"
45,8TO8,1.0,2.4,10.0,"[0.72478563 0.72422855 0.74038843 0.72993018 0.73973567 0.7445992
 0.76194541 0.76908339 0.76966168 0.78984285 0.80368849 0.80330307
 0.80475866 0.81040952 0.82330949 0.82744145 0.83534354 0.84112463
 0.83549522 0.82927459 0.83305246 0.83164077 0.83301381 0.83626404
 0.84321805 0.84327516 0.85225663 0.85361002 0.85701659 0.85773382
 0.86059856 0.86608992 0.86331437 0.87439512 0.87494678 0.89067136
 0.89632265 0.90033542 0.90434226 0.90557841 0.91144492 0.91761013
 0.92115194 0.91983729 0.92391745 0.93064222 0.93207493 0.92327763
 0.923171   0.92373063 0.92421719 0.9336751  0.93223641 0.92588075
 0.92701868 0.93223411 0.93260781 0.93294936 0.93521336 0.93479196
 0.93524118 0.95190842 0.95555534 0.95391745 0.95566587 0.9579461
 0.95875829 0.9592575  0.95673001 0.95729134 0.96037267 0.95637175
 0.94306724 0.94392868 0.94387039 0.94255567 0.94822642 0.94834057
 0.94778472 0.94772982 0.94536709 0.94422585 0.94192659 0.94160471
 0.94164839 0.93717626 0.93688566 0.9426877  0.94280896 0.94292364
 0.94303822 0.94484338 0.94495537 0.94787882 0.94352561 0.94358373
 0.95164771 0.95169423 0.9517483  0.95598316 0.95603531]","[1.29151518 1.29219534 1.28705099 1.2708557  1.27311141 1.27143738
 1.27346298 1.27614185 1.275939  ]","[0.16066335 0.15501424 0.15117466 0.14929823 0.14870613 0.14933
 0.15106507 0.15424305 0.15849597]"
46,9TO9,1.0,2.4,10.0,"[0.65906237 0.66211868 0.66351439 0.65111845 0.65819781 0.66249115
 0.6686129  0.66711585 0.67908863 0.67784817 0.68718673 0.69140978
 0.70260089 0.70631136 0.72033845 0.72153031 0.71991524 0.73435233
 0.74053219 0.74671801 0.75983237 0.75244407 0.75593131 0.7646649
 0.76309586 0.78454734 0.78747936 0.80612384 0.81987661 0.8304508
 0.83277738 0.83291236 0.83646858 0.84960448 0.84875623 0.8582073
 0.86413044 0.86725958 0.86877196 0.87248848 0.87954046 0.88091791
 0.87717826 0.87739717 0.87495853 0.87866915 0.88828209 0.89177224
 0.89478759 0.88564632 0.89449811 0.90184935 0.90470508 0.91002505
 0.90900245 0.90779531 0.90614882 0.90707954 0.90693049 0.90822608
 0.91683045 0.92415878 0.92634069 0.92295406 0.92031526 0.93070617
 0.93157547 0.93247169 0.93234623 0.93598127 0.94122096 0.94283655
 0.94291049 0.94326491 0.94895902 0.95119143 0.94562815 0.94678423
 0.94920558 0.94522718 0.94562105 0.94557066 0.94629099 0.94624201
 0.95236273 0.95081258 0.95096391 0.95056121 0.94850915 0.94842629
 0.94826993 0.94828453 0.94541884 0.94542091 0.94904211 0.95165367
 0.94785176 0.94691296 0.94110982 0.94047614 0.94010811]","[1.31743651 1.3186386  1.32017787 1.31405773 1.30701249 1.30447837
 1.31794566 1.32431689 1.32767588]","[0.15993116 0.15452336 0.15164067 0.14962075 0.14905398 0.14936301
 0.15173712 0.15472683 0.15843361]"
47,5TO9,1.0,2.4,10.0,"[0.60872886 0.60724174 0.61408421 0.62617392 0.6455538  0.64975291
 0.66990482 0.68477499 0.69023686 0.70195528 0.72235043 0.73062623
 0.74925809 0.76529099 0.77771102 0.78693791 0.78716099 0.78780255
 0.79683947 0.80153059 0.80774087 0.81387805 0.8157384  0.8186728
 0.82253266 0.8238309  0.83115137 0.83894375 0.83956084 0.84869447
 0.84997591 0.85770056 0.85912627 0.86492422 0.87010737 0.87343236
 0.87172229 0.87948852 0.88174351 0.88735741 0.89144861 0.89212958
 0.89872788 0.89584577 0.89475468 0.89419384 0.89385161 0.90268403
 0.90790443 0.90832028 0.90778643 0.90904199 0.91539642 0.92039395
 0.91468548 0.91630809 0.91954951 0.92326164 0.92625419 0.93046738
 0.92878235 0.92889991 0.93435784 0.93608188 0.93787266 0.94128496
 0.94198387 0.94235345 0.94220261 0.94335069 0.94509758 0.9432566
 0.94381706 0.94558919 0.9449968  0.94526287 0.95023518 0.95038193
 0.94918266 0.95459073 0.95311404 0.95175727 0.95320941 0.95401538
 0.95559631 0.95580184 0.9549313  0.9515752  0.94954647 0.95115865
 0.95121561 0.95166171 0.94929512 0.9492661  0.94933517 0.94508386
 0.94844694 0.9485542  0.94663155 0.94863106 0.94945504]","[1.27994269 1.28115699 1.28510363 1.2890028  1.29006381 1.28788602
 1.29187516 1.29057318 1.29221372]","[0.16094685 0.15576894 0.15268384 0.15065893 0.14948231 0.15003955
 0.15153643 0.15480391 0.15911721]"
